3188735071,2015/5/8 12:08,Pseud @ Woodo,Eastern Time (US & Canada),"New Jersey, USA"
3238988493,2015/5/6 15:44,stephania ortez,,"Gainesville, GA"
2257713402,2013/12/22 13:22,Janis,,
376991916,2011/9/20 20:50,Doctor Nov,Central Time (US & Canada),Parts Unknown
15744134,2008/8/6 1:03,Daniel Schuman,Tehran,"Washington, DC"
1609094466,2013/7/20 21:57,fuck the people.e???e???,,Where I Wanna Be. a??????
4613522715,2015/12/26 18:56,Adam Boyle,,
244040202,2011/1/28 11:12,3nooona,,
2358553202,2014/2/23 21:55,Blaire???,,
4871181801,2016/2/2 6:54,Towel Enthusiast,,
290798022,2011/4/30 23:16,Jackson Quinn White,,
2294477167,2014/1/16 13:46,Gautam,,"Goa, India"
3652072053,2015/9/14 10:40,Dental Review,,"London, England"
308743404,2011/5/31 22:50,$hane $,Central Time (US & Canada),Probably by the cheese
1677037832,2013/8/17 1:27,YRNa?????,Atlantic Time (Canada),Around a?????
825399199,2012/9/15 14:50,GOAT stob??,Atlantic Time (Canada),
2190339930,2013/11/12 13:22,M V MOHAN,,BANGALORE
135081980,2010/4/20 8:31,??????????????2???????????????????? ?????????????Ι»????????τσ ??,Pacific Time (US & Canada),Mumbai-Kathmandu 
27757215,2009/3/30 23:15,StarDust Dolittle,Eastern Time (US & Canada),"West Virginia, USA"
18734028,2009/1/7 19:26,Megh Plunkett,Eastern Time (US & Canada),Philadelphia
872706726,2012/10/11 0:16,Garett Bauserman,,
2560114934,2014/6/10 23:33,Cartonise,,country of greed
2856543858,2014/10/15 10:20,IndianEconomy,,"New Delhi, Delhi"
985810788,2012/12/3 2:57,mk dray,Central Time (US & Canada),"Wisconsin, USA"
43663421,2009/5/31 8:39,Raman Malik BJP,New Delhi,Gurgaon
66014122,2009/8/16 0:42,Moan,Berlin,"Hamburg, Germany"
401017028,2011/10/29 22:43,???tasha???,Quito,North Pole
271540740,2011/3/24 18:29,NBTP,Athens,Utrecht
2894060057,2014/11/27 1:24,Waudy G,Eastern Time (US & Canada),21218
180564613,2010/8/19 23:15,Glo,Quito,"Queens Ny, & Orlando "
3287258396,2015/7/22 6:39,DJ,,
376123599,2011/9/19 10:33,KAUSHAL KISHORE,,"New Delhi, India"
158598050,2010/6/23 3:26,Kimberly Reese,Pacific Time (US & Canada),"College Park, MD"
2830104307,2014/9/24 15:32,Cloude Hoppa420,Pacific Time (US & Canada),cloudhopper420@riseup.net
8632762,2007/9/3 23:02,(((Jonathan Mann))),Tehran,Jersey City
391011687,2011/10/14 22:20,The Breaking News,Pacific Time (US & Canada),Estados Unidos
1282578348,2013/3/20 7:20,Petty Yo,,
2505047615,2014/4/23 23:58,Dec.13th e???,Atlantic Time (Canada),
3154943103,2015/4/11 2:10,sierra,,
102840829,2010/1/8 0:59,Adam Gallagher,London,"Middlesbrough, England"
248120392,2011/2/6 8:50,boneexpert,Muscat,Follows you
77293293,2009/9/25 19:41,Jeanette T.,Central Time (US & Canada),The TARDIS
4706442085,2016/1/4 1:47,Omar Alessa,,Intellectual Limbo
4765301232,2016/1/16 0:02,mads e??a,,some soccer field
780991700,2012/8/25 20:02,.,Eastern Time (US & Canada),nyc/seattle
931739257,2012/11/7 10:24,The Iris,Eastern Time (US & Canada),"Bronx, NY"
735238345,2012/8/3 17:26,glucose father,Atlantic Time (Canada),
313556067,2011/6/8 20:57,Za?????Ea?????a???,Quito,
337839687,2011/7/18 17:23,Julia ,Quito,Southern Maryland
1466270269,2013/5/29 3:00,Mr. Carlos Lopez,,"Chicago, IL"
397284969,2011/10/24 13:49,Shreenivas Bikkad,Chennai,Mumbai
2254207188,2013/12/19 23:51,Fran,,
541264819,2012/3/31 1:28,Andrew,,
102432925,2010/1/6 17:46,Rafilsky,Brasilia,"Rio de Janeiro, Brasil"
1852921202,2013/9/11 1:04,taylor a??,Eastern Time (US & Canada),Ohio State University
17268481,2008/11/9 13:53,(((annfinster))),Eastern Time (US & Canada),Guest on Muwekma Ohlone Traditional Land
339056433,2011/7/20 14:33,Jim Casale,Eastern Time (US & Canada),"Orlando, FL"
312665420,2011/6/7 13:43,WONTSTOPa??,Central Time (US & Canada),in the clouds
483211535,2012/2/4 19:19,Mare,Eastern Time (US & Canada),"Pennsylvania, USA"
24001196,2009/3/12 18:35,Dianne,Eastern Time (US & Canada),Indiana
726556154,2012/7/30 18:07,Ben,Atlantic Time (Canada),Pittsburgh
1620706465,2013/7/25 15:50,TrapMayo a?1a?????,Midway Island,33 Pippen Block 
19052376,2009/1/16 3:13,Derrick Sanskrit KC,Eastern Time (US & Canada),"Brooklyn, New York"
369255767,2011/9/7 1:37,Nicholas Wolfe,Central Time (US & Canada),
1635369355,2013/7/31 12:12,Kalpesh Shah,Mumbai,Solapur
2907725794,2014/12/6 12:51,a?oHasan Arshada???,Pacific Time (US & Canada),"Karachi, Pakistan"
197240143,2010/10/1 0:16,#MisandryIsReal,America/Chicago,Chicago
75184478,2009/9/18 2:58,Tamara Davis,Central Time (US & Canada),MN lakes to TN mountains
2769416954,2014/8/26 7:58,Adam Tondowsky,,
409494909,2011/11/10 20:27,Patrick Bartmess,Central Time (US & Canada),"Omaha, Nebraska"
14367333,2008/4/12 6:00,JY YANG a???????????????o,Singapore,lesbian shipper hell
112235386,2010/2/7 18:52,theadora f,Eastern Time (US & Canada),
2717572677,2014/7/19 8:41,k??????gKh??????,Pacific Time (US & Canada),
214987978,2010/11/12 18:39,Redd Rotten,Pacific Time (US & Canada),"Dallas, TX"
32578106,2009/4/17 20:53,lorrena,Eastern Time (US & Canada),
2557072128,2014/6/9 15:49,a?? lo a??,Eastern Time (US & Canada),
119916515,2010/3/4 23:12,Leea???,Eastern Time (US & Canada),
2181320261,2013/11/14 23:26,stavros theocharidis,,"Basel City, Switzerland"
159424618,2010/6/25 9:56,O.X.,Hawaii,philly
66876039,2009/8/19 1:58,The Sun God,Eastern Time (US & Canada),39??? 57' 40 N / 82??? 59' 56 W
1592307540,2013/7/14 2:26,jolly sarah,,"Pennsylvania, USA"
2984935889,2015/1/19 1:20,Lil MaMaa???,,
64086791,2009/8/9 1:53,The Special One,,
33613154,2009/4/20 18:36,53% of White Women,Central Time (US & Canada),Singin Hamilton Everywhere
225992095,2010/12/13 1:19,WP,Eastern Time (US & Canada),
201753473,2010/10/12 15:06,Ernest Scheyder,Eastern Time (US & Canada),HOU/NYC
2389419156,2014/3/14 16:28,peach,,
296934954,2011/5/11 16:56,Derek Willett,Central Time (US & Canada),follow me
2455491403,2014/4/20 20:18,Eric,,Boston suburbia
123394078,2010/3/15 23:46,ly,Brasilia,"Rio de Janeiro, Brasil"
54354042,2009/7/6 22:22,mombie,Eastern Time (US & Canada),"15 Yemen Rd, Yemen "
98459868,2009/12/21 20:06,Juanita,Central Time (US & Canada),carrying my cross
54495060,2009/7/7 9:01,Samuel Elsey,Mountain Time (US & Canada),Home
43442263,2009/5/30 0:18,Parris Lane,London,Cambridge
439754219,2011/12/18 5:04,Zach,,Lawng Island
275310470,2011/4/1 1:29,Nicholas Kelly,,
26322666,2009/3/24 20:59,Raphael Steini,Bern,Germany
78268638,2009/9/29 10:04,TONY BRANNON,Atlantic Time (Canada),Bermuda
2304091507,2014/1/22 2:51,7'0mar,,htx. In Jesus Name I Ball 
953331188,2012/11/17 10:36,pranay patne,,nagpur
63079033,2009/8/5 8:53,VIRTUA-LEGIS,Paris,Paris & everywhere else
343570514,2011/7/27 19:31,alexandra,Quito,
2808641354,2014/9/14 3:27,PatLacemaker,,Michigan
609927955,2012/6/16 11:45,Shahrin,Beijing,"Highbury, North London"
2529009000,2014/5/28 4:11,Anurag,,Planet Earth
18565067,2009/1/2 21:48,Cat,America/Vancouver,
997657117,2012/12/8 17:51,Seth Cohen,,KYOTO Japan
2756052970,2014/8/30 17:34,Aisha,,
349706196,2011/8/6 15:16,troy lambert,Central Time (US & Canada),columbus ohio
240038299,2011/1/19 1:04,Kayla J. a???e??3???a??e???,Eastern Time (US & Canada),South Carolina
2857419164,2014/10/16 0:02,Island Shinobi e???e???,Eastern Time (US & Canada),British Virgin Islands
25391517,2009/3/19 21:41,Michael Routhier,Central Time (US & Canada),"Niceville, FL"
245077141,2011/1/30 20:42,that tj kid,Eastern Time (US & Canada),somewhere across the galaxy
299931072,2011/5/16 22:37,Sydney Whitaker,,
1639734889,2013/8/2 5:56,stephanie ?????,Atlantic Time (Canada),
2958830564,2015/1/4 19:57,Retired Marine,,Philly & Charleston SC
234151127,2011/1/4 23:40,Paul W,Sydney,Sydney
2671263398,2014/7/23 1:24,Tee Babya???,,
258542522,2011/2/27 23:39,Hermione Granger,Central Time (US & Canada),Cloud 9
118794674,2010/3/1 19:34,Adrienne Reynolds,Eastern Time (US & Canada),Currently In between it all
2380762339,2014/3/9 17:11,Neena Nizar,Abu Dhabi,"Nebraska, USA"
748902816,2012/8/10 8:08,Ax,,
42490721,2009/5/25 21:24,LeftDeviationistArt,Indiana (East),
14440198,2008/4/19 3:21,Tiffany Clements,Eastern Time (US & Canada),"St. Cloud, MN"
577598871,2012/5/11 22:37,big pap?- gonzo e???,Arizona,
78075144,2009/9/28 17:51,The a?????a??????  Mea?? Soraa???,Central Time (US & Canada),MemphisTenn
28618323,2009/4/3 18:06,Never Again?,Eastern Time (US & Canada),
410751910,2011/11/12 14:30,money mar e????,Central Time (US & Canada),
2890152208,2014/11/24 2:26,blakee??-,,junior @ lolhs
1455062828,2013/5/24 19:37,Joel Leon,,Toronto 
1561621099,2013/7/1 22:20,Daddy,Pacific Time (US & Canada),pulling a drake with bris
111054675,2010/2/3 17:17,Mark Fisher,America/New_York,Central Florida
358542767,2011/8/20 2:55,Ashley,Quito,
2898953486,2014/11/14 3:16,ltingbiao,,
2827240016,2014/9/23 1:59,Dan Carlson,,
127778523,2010/3/30 6:04,Siren Prince,Pacific Time (US & Canada),"Newark, NJ"
3375158020,2015/7/14 3:29,SIEUN ; ANGELA,Georgetown,
2361714330,2014/2/25 22:08,Artistic License JA,,
2817179624,2014/9/18 15:03,Michael McCrae,,"La Grande, OR"
14776632,2008/5/14 18:34,Nathan Tribble,Pacific Time (US & Canada),"Fort Lauderdale, FL"
4607195062,2015/12/26 4:34,mikey is sad,Pacific Time (US & Canada),el&alva&nath
2920868647,2014/12/6 16:45,Dennis B,Pacific Time (US & Canada),"New York,and San Antonio USA"
2225939864,2013/12/2 2:56,love times infiniti,Eastern Time (US & Canada),kitten snuggles
198939008,2010/10/5 16:40,Brett Quiggle,Quito,
998187026,2012/12/8 23:15,Meghan Buckley,Eastern Time (US & Canada),"Newport, RI"
469413304,2012/1/20 15:33,Sandi Saksena,,Dubai
2595314899,2014/6/29 20:46,Sarah J. Sprouse,,
1000305042,2012/12/9 22:14,Doug Craig,,"Riverdale,MD"
1926944113,2013/10/2 13:42,Anil,,
825895849,2012/9/15 20:11,Carlos,,chick-fil-a
1911261500,2013/9/27 14:13,FakeKaijubushi,Pacific Time (US & Canada),Great State of Consternation
2236297754,2013/12/8 16:51,manish goyal,,
602154391,2012/6/7 19:52,#TotiOut,Amsterdam,
471911020,2012/1/23 11:39,PublicTV,New Delhi,Bangalore
79673273,2009/10/4 7:14,Lance Lukenbill,Pacific Time (US & Canada),
2940473350,2014/12/25 7:21,Indonesian News,Jakarta,"Sukabumi, Jabar"
557175037,2012/4/18 20:02,federica ~ exams,Atlantic Time (Canada),jlaw a??? oth a??? oc a??? ggirls
67136173,2009/8/19 22:01,Zaddier Molina,Central Time (US & Canada),IA
582078292,2012/5/16 18:56,Corey,,NY
2603988197,2014/6/12 15:02,Stephen Adams,,
247661298,2011/2/5 8:33,Zishan Haider,New Delhi,Delhi
146328581,2010/5/21 4:46,VIP anarchist,,
4400919916,2015/12/7 3:54,Jo World,,
3290551764,2015/7/24 17:40,Guy Fieri,,"Nigadoo, New Brunswick"
283312990,2011/4/17 1:48,Truth,Quito,
4103649678,2015/11/2 16:46,Aditya Deokule,,"Pune, India"
1365609596,2013/4/19 23:15,Charlysia,Central Time (US & Canada),
2636073003,2014/6/24 0:32,Jahn Lopez,,"Mendez, Ecuador "
2912999031,2014/12/9 17:32,Ariel Millette,,
2323398278,2014/2/2 7:46,sharleen,Muscat,"Pearland, TX"
2215362835,2013/11/26 8:34,Christmase???Hollow,Pacific Time (US & Canada),Somewhere in the darkness
419186888,2011/11/23 2:12,Matt Swanson,,Out saving the day
4560895281,2015/12/21 21:31,e???,,Sublimity  
24033860,2009/3/12 20:51,David Abbott,Dublin,"Waterford, Ireland"
766742228,2012/8/19 2:08,Adri a???,Central Time (US & Canada),who??
939492841,2012/11/10 17:04,caram???l,Casablanca,
137429879,2010/4/26 18:40,FRANCE,Pacific Time (US & Canada),
2541358173,2014/5/11 17:28,alyssa,Eastern Time (US & Canada),
109058897,2010/1/27 21:13,David Ruddock,Pacific Time (US & Canada),"Los Angeles, CA"
535688743,2012/3/24 20:39,Kirti Nair,,Bangalore
2159956358,2013/10/28 1:22,Isabella Kowalczyk,,
930710472,2012/11/6 23:03,Lauren,,
4874374679,2016/2/3 17:16,court.,,nowhere
1678825489,2013/8/17 17:50,amazing helmet,Casablanca,
2546135141,2014/5/14 0:36,Fletcher Daniel,,A place in NY
438649664,2011/12/16 21:08,Jlynn,,
29479833,2009/4/7 16:16,e???Dong Danglere???,Eastern Time (US & Canada),NJ
1365441361,2013/4/19 21:24,Mechadave,,
4893842357,2016/2/10 2:33,Chandler Smith,,
277132299,2011/4/4 19:22,Zoe Raduns,Quito,"New York, NY"
3346561342,2015/6/26 13:09,Taylorrr,,"Naugatuck, CT"
479184964,2012/1/31 3:16,andrea,Atlantic Time (Canada),miami
19130238,2009/1/18 0:43,Alex a??e??????,Pacific Time (US & Canada),California
379257665,2011/9/24 16:53,Patrick Tweets,America/New_York,
2805359148,2014/9/12 11:20,Stephen Ritson,Ljubljana,Spain & Germany
3067569141,2015/3/3 10:43,7/5a??????,,
3561789977,2015/9/6 2:48,tobycjones1,,"New Jersey, USA"
396151535,2011/10/22 20:40,Frank Parra,Eastern Time (US & Canada),
446293892,2011/12/25 14:53,Big Demon a?????e????,Central Time (US & Canada),
25150377,2009/3/18 20:44,Chloe Goldade,Central Time (US & Canada),Some Midwestern town
2332841421,2014/2/9 0:43,jolly binch,Pacific Time (US & Canada),
64278098,2009/8/9 23:13,Kastro,Eastern Time (US & Canada),In The 305 With A 6s Plus
474584223,2012/1/26 4:17,E,Atlantic Time (Canada),
20883373,2009/2/15 0:45,nasty woman.,Tehran,"boston, ma"
189806932,2010/9/12 8:10,David Kreutz,Pacific Time (US & Canada),"Iwade, Wakayama, Japan"
105485096,2010/1/16 13:51,Dynamitea??,Kuala Lumpur,Rollercoaster
45945424,2009/6/9 21:10,Esje,Amsterdam,@ home
18572546,2009/1/3 4:02,Cynthia McKinney PhD,Eastern Time (US & Canada),"Atlanta, GA"
1040849462,2012/12/27 23:29,Tiffany,Eastern Time (US & Canada),cleveland
2487597298,2014/4/16 2:44,e????,,
489256712,2012/2/11 10:28,joe,London,"Leeds, England"
55430541,2009/7/10 1:38,iz,Riyadh,how about Sunrise Landa???
62330363,2009/8/2 19:28,Autobahn Ollie,Eastern Time (US & Canada),Your Neighbor Traphouse
851723534,2012/9/28 20:50,Imthiaz Rehman,,"Birmingham, England"
2497796461,2014/5/16 5:22,(a??a??_a??),,
2374541620,2014/3/2 1:44,LeTayvia,,
602226392,2012/6/7 21:46,S,,
1932113918,2013/10/3 21:24,Elyk E,Indiana (East),Where Liberty Dwells...
2800135756,2014/10/2 14:27,STP Group,London,Viladecans
2276898360,2014/1/5 1:28,Jason Werthman,Eastern Time (US & Canada),"Michigan, USA"
1395120080,2013/5/1 17:20,rude.,Chennai,India
46530832,2009/6/12 0:16,Ashlea Nicole,Quito,On my way to the top
378516357,2011/9/23 10:24,Regina Mutheu Kimeu,Nairobi,Earth.    Africa.    Kenya.
2922801819,2014/12/15 12:57,V.,,
4696370444,2016/1/2 13:44,sunil raj b,,"Karimnagar, Andhra Pradesh"
2827880150,2014/9/23 11:12,Sydney,,
3319406474,2015/8/19 0:22,Allen Glover,Pacific Time (US & Canada),"Los Angeles, CA"
350028677,2011/8/7 2:59,April's Very Own a?????,Eastern Time (US & Canada),252
4697880498,2016/1/2 19:02,gaby,,"andrew,zara"
45772756,2009/6/9 5:24,Daniel Beasley,Quito,
156519920,2010/6/17 4:30,John Marston,Eastern Time (US & Canada),Maryland
508110082,2012/2/29 0:01,. . .,Eastern Time (US & Canada),Bridge Over Troubled Water 
25198291,2009/3/19 0:40,dj fingers 313,Quito,"??T: 42.562391,-83.160269"
270113558,2011/3/22 1:02,Mikey The Girl,Central Time (US & Canada),
132650634,2010/4/13 20:35,Derek Bredeson,,Iowa
2407104038,2014/3/23 14:01,Blake Lavak,,London
372393453,2011/9/12 17:54,diego costa,London,not in the eu 
78010564,2009/9/28 13:15,Access Brokerage Inc,Quito,Metro Atlanta
853629266,2012/9/29 21:30,not my president,Eastern Time (US & Canada),"Fort Lauderdale, FL"
4683174709,2015/12/31 12:41,Can't believe USA,,Wouldn't you like to know
2861519182,2014/11/4 21:39,Coll,,Hell 
4021498395,2015/10/23 3:53,JediLarries,,Over the Rainbow
2396898858,2014/3/18 23:19,Matias R.a?????a?????,,Argentinooooo
97072212,2009/12/15 22:04,BILL REED,Eastern Time (US & Canada),
1759523839,2013/9/7 17:17,Brandon King,,"Orlando, FL"
50673307,2009/6/25 15:18,Odell Bowie Jr.,Atlantic Time (Canada),"Baltimore, MDa?????Fort Myers, FL"
2812415210,2014/9/16 4:15,?????????????Ι»?????????2 ???????????????????1,,????1????????Ι»?????????|???????????????????Ϊμ??????Ι» 
2423614613,2014/3/19 23:26,(S)kelly,Pacific Time (US & Canada),"Jacksonville, FL "
1376344998,2013/4/24 6:45,Vikas Waddatti,,
2764774066,2014/9/8 13:33,KURSE,Pacific Time (US & Canada),Sweetwater
344339529,2011/7/28 22:32,April Jones,Quito,
4644292634,2015/12/24 16:50,Marcus Foo,Pacific Time (US & Canada),"Perth, Western Australia"
2743358747,2014/8/15 8:39,jenny,Pacific Time (US & Canada),
1828081530,2013/9/8 12:02,bri'Ja???,,"Tampa, FL"
2269552169,2014/1/8 21:08,Kilose???e???,Eastern Time (US & Canada),
2689088438,2014/7/29 3:53,vans,Beijing,
856865107,2012/10/1 19:02,Steven,Atlantic Time (Canada),
346258083,2011/8/1 0:14,WILLmissOBAMA,,
1958994006,2013/10/13 16:40,Will Michels,,Eastview 2017
78946225,2009/10/1 16:38,Sunil G Pillai,Mumbai,"Hyderabad, India"
2829506615,2014/10/14 13:27,Lady Soliloque,America/New_York,
2165007825,2013/11/2 15:42,Jay,,
2239695417,2013/12/23 11:29,cynthiawatson,Eastern Time (US & Canada),
2543769731,2014/5/12 21:12,Jess Collins,,"South Carolina, USA"
29995153,2009/4/9 14:36,???Monika Jeanine ???,Quito,
230205453,2010/12/24 16:03,shivang patel,Eastern Time (US & Canada),Connecticut 
537708944,2012/3/27 0:53,a?????hair mastera?????,Atlantic Time (Canada),bumfuck manchester
255937512,2011/2/22 9:55,Tamal Kumar Pal,,
167079559,2010/7/15 18:13,Toni G  Gillingham,,
1584822894,2013/7/11 4:51,???a??? Miss Mattie a??????,Central Time (US & Canada),
1352232200,2013/4/14 16:20,Herre???Gobbl'n,Central Time (US & Canada),"Stevens Point, WI"
627946541,2012/7/6 2:12,Michael,Eastern Time (US & Canada),"Forest, VA"
418295008,2011/11/22 0:33,Marc-Yves Regis II,Atlantic Time (Canada),
127897986,2010/3/30 15:23,Brandon Ashley,Quito,DC
22650211,2009/3/3 17:40,Good Morning America,Eastern Time (US & Canada),"Times Square, USA"
312802043,2011/6/7 17:54,VIRENDRA RANA,,NEW DELHI
450364208,2011/12/30 4:56,Lukas_Prorok,,
3313056427,2015/8/12 4:13,#Carefreea???,,
301718072,2011/5/19 23:06,andri e???,Quito,"dreamville, usa"
361620746,2011/8/25 2:14,jim denys,Central Time (US & Canada),
46065007,2009/6/10 8:07,Me Anita,Chennai,Hyderabad
38191032,2009/5/6 14:41,AAXXISS AUDIT,Eastern Time (US & Canada),US East Coast
334189373,2011/7/12 18:20,ia??m a knife now,Eastern Time (US & Canada),Brooklyn ???\_(???)_/??? 
62057405,2009/8/1 15:44,Jim Unger,Eastern Time (US & Canada),"Wappingers Falls, New York"
70182754,2009/8/30 18:40,Deplorable Hayley,,etx
1603871024,2013/7/18 16:54,Peter Templeton,Edinburgh,Loughborough & Lincoln
3307817272,2015/6/4 3:38,S?????????a?????????ay??????n???????,,AQW Artist/ AQ3D Tester for AE
95842381,2009/12/10 6:39,Sathyaghan Iyer,Mumbai,Thane
3028437384,2015/2/19 3:43,Red & Green,Pacific Time (US & Canada),Mount Wildwood
160248012,2010/6/27 16:43,JJossendal,Pacific Time (US & Canada),
52014407,2009/6/29 9:58,paige.,Eastern Time (US & Canada),mjm
3376311520,2015/7/14 19:29,India_Economy_news,,
2386926460,2014/3/6 0:46,Omar Alleyne-Lawler,,Birmingham & London 
1289092621,2013/3/22 16:18,o'neal,Beijing,Malaysia
205866812,2010/10/21 19:39,Buck,,New Mexico
224819924,2010/12/9 23:20,excogitare,Casablanca,UK
170178674,2010/7/24 3:47,Brent Money,Central Time (US & Canada),"Greenville, Texas"
3281458244,2015/7/16 9:40,Anna Abben,,
2391219550,2014/3/7 14:41,kota,Atlantic Time (Canada),
4903750997,2016/2/13 5:55,Smite Servers,Pacific Time (US & Canada),
224541116,2010/12/9 7:50,BasCB,Prague,"Central Europe, mostly"
4635730577,2015/12/28 20:18,Dariae???,,
2216915498,2013/11/27 0:52,NCFM Carolinas,,"Charlotte, NC; Columbia, SC"
168015615,2010/7/18 4:24,Sandeep Garg,,"Navi Mumbai, Maharashtra"
179262676,2010/8/16 22:25,gee a?? nct 127,Brasilia,161117
3379811146,2015/7/17 2:29,rainbowgela???,Pacific Time (US & Canada),
3641219057,2015/9/13 10:39,kehinde solomon,,Lasgidi
1406101482,2013/5/5 21:20,Jordan Sereno,Eastern Time (US & Canada),
2344205322,2014/2/14 22:41,xoxomarK_e???,Arizona,
124852703,2010/3/20 20:11,Austin Hobson,Eastern Time (US & Canada),"Richmond, VA"
2889930852,2014/11/4 16:15,Samachar Plus,New Delhi,"Noida, India"
16513416,2008/9/29 16:06,Fox 35 News,Eastern Time (US & Canada),"Orlando, Florida"
2498973313,2014/5/16 13:56,Dharini Patel,,
95024887,2009/12/6 16:16,Alison Butala,Central Time (US & Canada),
148298309,2010/5/26 10:19,Robert E. Lehman,,Virginia - USA
860281152,2012/10/3 20:22,Jeannie a???,Casablanca,Essex County 
19975302,2009/2/3 14:55,Nick Sutton,Amsterdam,St Albans
2749912959,2014/8/22 3:05,ugly turk,Eastern Time (US & Canada),407
2922001288,2014/12/14 20:54,Drippy,,MA
550181723,2012/4/10 15:04,Sharpie,Pacific Time (US & Canada),New Jersey
1021419481,2012/12/19 5:40,Aks the live wire,,"New Delhi, India"
16965928,2008/10/25 12:30,@fduncan,Eastern Time (US & Canada),"Lexington, MA"
1300647127,2013/3/25 18:43,Zi @ work hell,Pacific Time (US & Canada),Chrom's pants
82010809,2009/10/13 4:28,Shoorveer Shekhawat,,
2754594251,2014/8/29 14:10,juliana,,
3259119157,2015/6/28 16:30,e???,,urban/sports photograper 
600420510,2012/6/5 19:07,Nick Joseph a??,Pacific Time (US & Canada),
3089929573,2015/3/16 15:13,jasmina,,Nederland
974615851,2012/11/27 20:12,Thanhie Nguyen,,
24812667,2009/3/17 1:18,Cowboys 8-1,Eastern Time (US & Canada),Dream Chasing.
1607286516,2013/7/20 3:17,A Nigga Named Negan,,a?3???
1861853462,2013/9/13 21:59,bria??,Eastern Time (US & Canada),Newilla??????
2985481808,2015/1/16 10:26,??@v|| |??$@?? {@},,"Haryana, India"
96906563,2009/12/15 3:48,Andreas Petrongari,Berlin,Germany
72215676,2009/9/7 5:39,Ld.Kristoffer Martin,,"Eau Claire, WI"
3064170557,2015/2/27 0:12,\JD/,,
1524211860,2013/6/17 7:59,kaushal sharma,,"Madhu Vihar, Palam"
348159731,2011/8/3 23:56,e???e???,Pacific Time (US & Canada),
113252029,2010/2/11 5:21,Brandon Day,Central Time (US & Canada),Baton Rouge/New Orleans
3244137176,2015/6/13 11:14,S K Pandit,,India
3111057111,2015/3/24 18:14,Gemini,,"Memeville, USA"
1691786624,2013/8/22 18:30,lindadee,,
277139168,2011/4/4 19:38,dckeichan,Eastern Time (US & Canada),Washington DC 
877988599,2012/10/13 14:43,sc : nogoodtat,Hawaii,
207780938,2010/10/26 1:00,Stephan Pichocki,Eastern Time (US & Canada),
4520770935,2015/12/18 4:06,Maty Ice,,"Canton, GA"
2866036590,2014/10/20 0:19,Jacob Bell,,
842655463,2012/9/24 0:22,Samantha Tyburski,,
3339891377,2015/6/21 21:25,Kierstin,,the Fort 
621317866,2012/6/28 21:11,nameless,Eastern Time (US & Canada),
632190746,2012/7/10 18:15,morgan,Central Time (US & Canada),emma
631443535,2012/7/9 21:35,amBRR rose of tralee,Dublin,repeal the 8th a?????
20894578,2009/2/15 5:19,Jennifer Massey,Central Time (US & Canada),Wisconsin
1237182660,2013/3/3 0:56,Brennan a??,Eastern Time (US & Canada),"Ilvermorny, Mt. Greylock, MA"
146566857,2010/5/21 19:29,Shauna Gordon,Eastern Time (US & Canada),"Columbus, OH"
161461979,2010/6/30 22:44,Scott Ogden,Eastern Time (US & Canada),"Maine or Washington, D.C."
2192321656,2013/11/23 4:53,nami.,Eastern Time (US & Canada),973
1552685581,2013/6/28 9:27,micash heavycheddar,,
578114959,2012/5/12 14:38,Juliet,Eastern Time (US & Canada),Neverland
1381816087,2013/4/26 12:29,Kelly,,
2948440216,2014/12/29 4:10,itsGuNNaR,Eastern Time (US & Canada),
4718854136,2016/1/6 14:17,Daniel Greenberg,Pacific Time (US & Canada),Israel
2888928558,2014/11/3 21:36,LIL SHOTGUN VERTe??2,Pacific Time (US & Canada),"Detroit, MI"
2423587524,2014/4/2 10:33,Christian Zabala,,
635845336,2012/7/15 2:47,sc:chelskelly5,Eastern Time (US & Canada),
4482590055,2015/12/14 15:59,Ryan Tewell,,"North Carolina, USA"
18798512,2009/1/9 11:03,thota,Mumbai,
848409474,2012/9/27 1:00,Juliette,,
3122761118,2015/4/1 3:36,49 Seconds,,"Sydney, New South Wales"
18924912,2009/1/13 2:20,Chubb$,Eastern Time (US & Canada),
378028803,2011/9/22 14:35,Kassandra,Eastern Time (US & Canada),
21528538,2009/2/21 23:49,MATTYMONKEESa???,Eastern Time (US & Canada),STRONG ISLAND
396828284,2011/10/23 20:40,Avi,Casablanca,
2928163212,2014/12/13 6:38,India First,,??|?????? ??|???|? ??|???|???|???????          New Delhi 
3027389199,2015/2/10 0:34,morgan,,"Mechanicsville, VA"
391290527,2011/10/15 10:30,1/Sec(mo) Graham,London,UoB/a railway/a rock bar
2798898779,2014/10/1 20:41,Riles,Eastern Time (US & Canada),Port Clinton Ohio
162708945,2010/7/4 13:16,Niraj shaha,,
316924211,2011/6/14 5:04,M.I.A.,Quito,"Atlanta,GA "
505341712,2012/2/27 3:07,Kimberley Phillips,Eastern Time (US & Canada),
887245058,2012/10/17 17:32,v r madhavan,,
335993045,2011/7/15 15:40,Luke Potter,,
328370051,2011/7/3 7:15,Leshhha???,Atlantic Time (Canada),
21804882,2009/2/24 22:12,Adrian Emmanuel,Lima,"Hamilton, Ontario, Canada"
457115504,2012/1/7 1:42,Brynne,Eastern Time (US & Canada),"Montgomery, TX "
602838468,2012/6/8 13:26,e???,,Westerhood
331550028,2011/7/8 10:32,Mark Steele,,Newcastle
3243400101,2015/5/9 13:48,rip granddaddy e???e???,,flying w/ granddaddya??????
139495156,2010/5/2 20:12,P. Greggy,Quito,
858665960,2012/10/2 20:30,parker topping,,"Ocean City, MD"
1240436726,2013/3/4 3:55,Mitchell Dunn,,
3024207694,2015/2/8 0:15,5a??? Halftim3,Pacific Time (US & Canada),"North Carolina, USA"
2182295198,2013/11/8 14:19,DJ Wolf,Hawaii,Traveler 
3280110289,2015/7/15 0:23,Michaela Owen,,434
4890642750,2016/2/11 2:42,josh hoffpauir,,lewes de
16056686,2008/8/30 17:46,Noah Fence e????e??3e???,Pacific Time (US & Canada),#CNJR West Coast Affiliate
1356908948,2013/4/16 13:40,jowokere,,
353412198,2011/8/12 1:22,crazyarchitect.13,Quito,
394691854,2011/10/20 13:43,Rohit Dixit,New Delhi,"Chennai, India"
2983401781,2015/1/15 1:02,D???a???1????? D????????a??????,,GTX
51210644,2009/6/26 20:25,God Bless America!,Pacific Time (US & Canada),"California, USA"
1723622592,2013/9/2 22:39,Victoria Mom,,
1160658014,2013/2/8 16:47,Kieran Rowles,,"Norwich, England"
82491805,2009/10/15 0:04,Katina G,Eastern Time (US & Canada),"Charlotte/Lake Norman, NC"
322358441,2011/6/23 1:47,Chandler,,Kansas
3290746761,2015/5/20 3:05,AstridMichelle,,
4842781457,2016/1/24 18:09,James ...,,Big Blue
1342177848,2013/4/10 15:32,Redcar UNISON,Pacific Time (US & Canada),Redcar & Cleveland
491518451,2012/2/13 18:36,C.A. 'Booker',Atlantic Time (Canada),"HHI, South Carolina"
598299645,2012/6/3 10:19,HH Sheikh Dandan,Eastern Time (US & Canada),"Riyadh, Kingdom of Saudi Arabia"
3251917361,2015/5/13 15:49,Edward McNamar,,
3430101255,2015/8/18 16:59,Mopee Anderson,Pacific Time (US & Canada),DCU pre crisis
3385901925,2015/7/21 14:54,Blayne gelbman,,"Bronx, NY"
754163851,2012/8/13 1:35,Red Dead Badger,Central Time (US & Canada),"Broken Arrow, OK"
3037232182,2015/2/14 17:09,Dennis S Brotman,,
2615022726,2014/7/10 8:00,Apsny News,Istanbul,Gagra
1295579816,2013/3/24 15:06,watch eyewitness pls,Central Time (US & Canada),"Minneapolis, MN"
2621018118,2014/7/12 7:29,SACHIN GUPTA,New Delhi,
2551106556,2014/6/6 22:46,Ravna,Central Time (US & Canada),Erebor 
232322991,2010/12/30 20:59,Mary Jane,Central Time (US & Canada),"New Paltz, NY"
2238527705,2013/12/22 18:32,yari e???,,
2661597937,2014/7/20 3:46,Sergei Ardzinba,Volgograd,Abkhazia
260477132,2011/3/3 23:36,SK,Eastern Time (US & Canada),
114413189,2010/2/15 9:41,AleDos MoD???anov,Stockholm,Bogaland 
549863185,2012/4/10 6:20,Jeremie Marinella,Beijing,
634330366,2012/7/13 5:44,Reagan Coalition,,
2946805878,2014/12/28 21:40,Nanss e???,,
2202598633,2013/11/19 6:24,Downtrend.com,,
1061565506,2013/1/4 22:14,Kilo Bunch,,Dallas
23626520,2009/3/10 18:17,Phalinx,Eastern Time (US & Canada),"Rochester, NY"
254790525,2011/2/20 1:03,Alaydee.,Alaska,VA
17962204,2008/12/8 13:20,Gareth Cliff,Pretoria,South Africa
17511748,2008/11/20 14:17,a???a???Betha???a???,Mountain Time (US & Canada),Louisiana
4885723729,2016/2/10 1:38,Leigh sweep,,Atlanta 
36742317,2009/4/30 19:04,Diogenes,Pacific Time (US & Canada),Ashland OR
4640847012,2015/12/24 3:29,Ashutosh Mishra,New Delhi,"New Delhi, India"
235240834,2011/1/7 18:11,Jared Hill,Eastern Time (US & Canada),
2388162415,2014/3/14 0:55,Mario Andrade,,
610200550,2012/6/16 18:48,John gU TSANG ??? ?????,Hawaii,USA  HAwaiI  oAhu  HonOLuLu
565875926,2012/4/29 1:20,Layne,Atlantic Time (Canada),
226479482,2010/12/14 7:35,Himanshu Kumar,Hawaii,HK
1474440043,2013/6/1 10:56,PapaSwamp,Eastern Time (US & Canada),Freakville
593009799,2012/5/28 17:55,josie(bean),Eastern Time (US & Canada),"Stow, OH"
170506009,2010/7/25 1:19,Emma Ruth,Eastern Time (US & Canada),"Lexington, KY/Nashville, TN"
2230650614,2013/12/5 0:04,leah e???,Central Time (US & Canada),wisco
318169110,2011/6/16 2:22,I a?????? being BLACK!!,Quito,"Miami, FL"
2969880305,2015/1/9 15:33,Robert N. Adams,Eastern Time (US & Canada),"Newark, NJ"
156822216,2010/6/18 1:29,Chris Sitjar,Quito,
48170961,2009/6/18 0:01,Token Traders,Eastern Time (US & Canada),Visit Site For Free Giveaways!
1353148273,2013/4/15 1:05,suman jha,,
2908289421,2014/12/6 21:09,Padre,,"Florida, USA"
1901414894,2013/9/24 18:45,Bennett Stefanowicz,Eastern Time (US & Canada),"Millis, MA"
290547439,2011/4/30 13:25,?????????????????? ????????????,Kuala Lumpur,Republic of the Philippines
145988197,2010/5/20 10:15,Priyankar Sharma,Kolkata,Jalpaiguri.
3082617709,2015/3/14 22:25,Gdubs,,
18721297,2009/1/7 13:46,Bob Sansevere,Central Time (US & Canada),Minnesota
2342232096,2014/2/13 16:26,Grant e???,,"Baltimore, MD"
720979610,2012/7/27 22:13,Ruszala,,
4085211,2007/4/10 22:08,justaddScott,Eastern Time (US & Canada),South Carolina
374326630,2011/9/16 3:46,Eric Engel,,
185733937,2010/9/1 18:17,Troy,,"Brookfield, WI"
2765191048,2014/9/9 0:18,slickback,,#E4M
2232186757,2013/12/6 0:05,ski,Atlantic Time (Canada),traffic
302148529,2011/5/20 17:46,Jones,London,In the passenger seat
992932128,2012/12/6 12:06,elwood,,"Texas, USA"
24952976,2009/3/17 20:56,Lord Migassi Caesar,Eastern Time (US & Canada),On a cheap vacation..
1324681034,2013/4/3 14:10,David Johnson,Eastern Time (US & Canada),"Lehigh Acres, Florida"
2564145962,2014/6/12 22:06,Gipper,Eastern Time (US & Canada),Ohio
3426033105,2015/8/16 15:22,K.A.C.,Pacific Time (US & Canada),
1932131,2007/3/22 20:07,Dave Schroeder,Central Time (US & Canada),"Madison, WI"
31240085,2009/4/14 21:58,K'mar,Central Time (US & Canada),
15513604,2008/7/21 10:50,FOX & Friends,Eastern Time (US & Canada),New York City
51667021,2009/6/28 6:16,UFO Sightings & News,Central Time (US & Canada),
27359960,2009/3/29 2:14,Roz,Eastern Time (US & Canada),Some where in Ohio
550280534,2012/4/10 17:16,UFOSFACTS,Brasilia,Brazil
549817357,2012/4/10 4:48,TXViQueen,,Grapevine
2508535026,2014/5/19 21:56,Ky Lee,,DTOWN
112620298,2010/2/9 4:23,stewart ripley,,
99624164,2009/12/27 2:53,rasheed,Eastern Time (US & Canada),"Newark, NJ "
1297195874,2013/3/25 1:01,taylor,Eastern Time (US & Canada),
15392613,2008/7/11 15:35,Daryle Lockhart,Eastern Time (US & Canada),NYC X CLT
181301326,2010/8/21 21:06,a???AtomicFlixa???,Pacific Time (US & Canada),"Los Angeles, CA"
153486333,2010/6/8 17:53,Blondie,Quito,Valdosta via ATL
4755651286,2016/1/9 15:36,Parker Snead,,"Town 'n' Country, FL"
2730302979,2014/7/31 23:56,MATTIE,,
2953649770,2014/12/31 19:25,C Monster,,Back Instructing CQB!
2583215300,2014/6/23 2:57,sophie,,
469765745,2012/1/20 23:39,Joni Paladino,Eastern Time (US & Canada),rural N.W. PA
22232322,2009/2/28 5:34,Brandelyn,Central Time (US & Canada),Gulf Coast - Texas
151144276,2010/6/2 18:23,Tiqeu e??????,Pacific Time (US & Canada),"London, England"
1213449463,2013/2/23 19:37,Bus Road Juan,,outbus 13th
2446339021,2014/4/16 1:24,Steve Chen,Eastern Time (US & Canada),
98343732,2009/12/21 10:23,mAr1uS,Bucharest,"Craiova, Rom???nia"
2289040586,2014/1/13 3:34,Space Medic,London,Sol System
2761849469,2014/9/5 10:26,Meg,,
177677433,2010/8/12 19:50,SavageAssa??,Central Time (US & Canada),Pooh a???
105719786,2010/1/17 7:15,Manoj Kumar,,Singapore
479114898,2012/1/31 1:19,darilla911,Eastern Time (US & Canada),ohio
33675933,2009/4/20 21:43,??rondooks!,Pacific Time (US & Canada),     U.S.A
3268028011,2015/7/4 10:24,MEHUL J PATEL,,"Mysore, Karnataka"
68472133,2009/8/24 18:16,Dave,Eastern Time (US & Canada),"Lutz, FL"
224513182,2010/12/9 5:55,Steven Peed,Atlantic Time (Canada),"Foster, KY
"
12512902,2008/1/21 22:44,A Star Trek Fan,Central Time (US & Canada),Oklahoma
387707090,2011/10/9 14:46,Kate Elizabeth e???,London,"Manchester, England"
977440711,2012/11/29 2:33,DOMINICAN R. Kelly,Eastern Time (US & Canada),"Miami,fl"
2159836554,2013/10/27 23:41,Queen Kyleigh a??a???e???,,"Welcome, NC"
1120782799,2013/1/26 2:34,#ImaniMpangoni,Nairobi,"Nairobi, Kenya"
495033499,2012/2/17 14:36,Simon Pia,,Edinburgh
101126626,2010/1/2 3:39,Alaina Bernadine,America/New_York,"AZ, PNW, SWFL & New England"
4697668760,2016/1/2 18:03,viv,,dead america
2233866195,2013/12/19 22:41,Classy Percussion,,college
460223984,2012/1/10 14:36,Timaaaaaay!,Eastern Time (US & Canada),Philadelphia
453581304,2012/1/3 2:28,Chloe,Eastern Time (US & Canada),
755700,2007/2/7 4:05,Josh Schramm,Eastern Time (US & Canada),"iPhone: 41.718342,-81.241005"
47525123,2009/6/16 3:02,Dean Harrington,Eastern Time (US & Canada),"??T: 41.843574,-71.394229"
2786094793,2014/9/2 14:12,Demetrius August,,
2975406706,2015/1/12 21:34,Annie O'Connor,,
701782010,2012/7/17 21:10,big fiesta,Atlantic Time (Canada),MJT 7/10/13 6/28/14 
15431856,2008/7/14 20:30,SPACE.com,Eastern Time (US & Canada),NYC
156003123,2010/6/15 19:15,Cash'n Out,Quito,PA
23933098,2009/3/12 11:29,Rosebell Kagumire,Nairobi,World
1888171616,2013/9/20 23:29,Peter,,"Sydney, New South Wales"
28509580,2009/4/3 5:18,Ellen Fedell,Mountain Time (US & Canada),"Rapid City, SD"
899767700,2012/10/23 11:58,Big Tuna,Atlantic Time (Canada),the upside down
34791492,2009/4/24 0:55,Vesper1987,Eastern Time (US & Canada),
441347847,2011/12/20 0:38,Florence Marvin,Central Time (US & Canada),Wisconsin
3942799512,2015/10/19 3:43,Charlie Hart,,
154116908,2010/6/10 12:12,wasn't serious,Eastern Time (US & Canada),Boston
748716642,2012/8/10 5:51,Mariana,Atlantic Time (Canada),"Miami, FL"
186190517,2010/9/2 20:17,Alyssa Brletich,Central Time (US & Canada),Minneapolis
2899576137,2014/11/30 19:07,morgze???,,
3404250059,2015/8/5 14:31,Warrior Huntress,EDT,Internet
3821741897,2015/9/30 6:28,A,Pacific Time (US & Canada),
2201137813,2013/11/18 11:21,Andrew O'Brien,London,London
2565381618,2014/6/13 14:25,Brandon Invergo,London,"Cambridge, UK"
3307510882,2015/6/3 21:13,Fab.Blog,,
1169834191,2013/2/11 19:33,sarah sweeney e???e???,Eastern Time (US & Canada),"Pittsburgh, PA"
156304630,2010/6/16 15:37,Denjamin J. Grimm,Eastern Time (US & Canada),
2611846150,2014/6/15 16:54,thankful ash,Eastern Time (US & Canada),minnesota
205511358,2010/10/21 1:29,New York Newz,Central Time (US & Canada),USA
87728784,2009/11/5 16:47,NewsHitterTeam,Amsterdam,The Netherlands
4169030721,2015/11/12 5:35,Jonesie,,"Michigan, USA"
2521415678,2014/5/24 21:48,Brat e???,Central Time (US & Canada),"Arlington, TX"
163279817,2010/7/6 0:58,inbriwetrust,Central Time (US & Canada),from jerz to the capital
385168297,2011/10/5 0:37,Caroline,Quito,"Virginia, USA"
1437365664,2013/5/18 4:30,Tom Chies,Eastern Time (US & Canada),
2864862585,2014/11/7 1:11,***,Central Time (US & Canada),
383978807,2011/10/2 21:10,Ashley,Central Time (US & Canada),IIIa???XIXa???XIII
126160851,2010/3/25 1:00,King Oliver a??,Eastern Time (US & Canada),Pimptropolis
210859828,2010/11/1 16:21,J.J. Adamson,Quito,"VT/NH, Upper Valley"
24816997,2009/3/17 1:47,Christina,Eastern Time (US & Canada),
2191351453,2013/11/13 0:57,Sarah,,Michigan
450374166,2011/12/30 5:15,jen,Eastern Time (US & Canada),"Lake St. Clair, MI"
1556723346,2013/6/29 23:27,TKO,Atlantic Time (Canada),Garden State
410311616,2011/11/11 22:59,Robert J Pettis II,Mountain Time (US & Canada),
21003380,2009/2/16 17:10,Steve Giglio,Central Time (US & Canada),Learning my way around Central FLA. From the WV & Pittsburgh. Formerly not from Memphis.
368584189,2011/9/5 21:49,Jess Wagner,Central Time (US & Canada),
362213024,2011/8/26 1:20,Abby Ficca,Central Time (US & Canada),
408666917,2011/11/9 18:42,Marlo D. David,Eastern Time (US & Canada),Sun Goddess in the Midwest
360116554,2011/8/22 18:21,Ashish Mali,New Delhi,where shivaji changes his hors
80913631,2009/10/8 18:45,Just sayin'...,,"Florida, USA"
49447164,2009/6/21 22:15,Jen Lindsey,Eastern Time (US & Canada),Massachusetts
3987579147,2015/10/18 14:40,Talvi Fox,,
1493267851,2013/6/8 15:48,Dr. Michael Berglund,Central Time (US & Canada),"Kenosha, WI"
17016308,2008/10/28 5:40,Katemonster,Bogota,"Richmond, VA"
228872611,2010/12/20 22:36,Philo--,Brasilia,Brasilia
54334596,2009/7/6 21:12,Darnell Williams,Eastern Time (US & Canada),"Plano, TX"
2174274656,2013/11/4 15:48,kris moilanen,,
1514026524,2013/6/13 17:54,See the Milky Way,Pacific Time (US & Canada),
4204765978,2015/11/16 21:11,SheilaJDunphy,,"West Virginia, USA"
16246929,2008/9/11 20:14,Dan Primack,Eastern Time (US & Canada),Boston
251319600,2011/2/12 22:14,no.,Quito,NY a?? SC
14073875,2008/3/3 18:50,Andrew Coffey,Mountain Time (US & Canada),Gothom City Chicago
62873029,2009/8/4 17:21,uno,Quito,uptown
480029222,2012/2/1 1:46,Stop Killing Us,America/Kentucky/Louisville,Running late but I'm on my way
3178619748,2015/4/29 0:24,kofukune,Pacific Time (US & Canada),"vaginal, warts"
130308500,2010/4/6 23:13, BigDadio,Central Time (US & Canada),
1567393171,2013/7/4 5:04,jocelyn,,third rock from the sun
2363858153,2014/2/24 23:08,b r a n d o n,Pacific Time (US & Canada),Saraha??????
2529589895,2014/5/5 0:48,Emilee,Eastern Time (US & Canada),
367230581,2011/9/3 16:22,Mariah,Quito,
34205861,2009/4/22 6:24,Nebojsha,Belgrade,Bosnia and Herzegovina
1700758748,2013/8/26 2:44,Devin,,"Louisville, OH"
293315470,2011/5/5 4:01,Stewart Weir,London,Glasgow
240810350,2011/1/20 20:06,Liam,London,
288718157,2011/4/27 10:30,Manan Garg,Pacific Time (US & Canada),
170087628,2010/7/23 22:33,susan dotro,,"Staten Island, NY"
2229495209,2013/12/17 2:37,Mitch Russ,,"Avon Lake, Ohio,The US of A, "
2302525448,2014/1/21 5:05,anna bananae???,Pacific Time (US & Canada),
341093183,2011/7/23 19:58,zach,Eastern Time (US & Canada),
186502436,2010/9/3 16:50,PoliticalNumbness,Atlantic Time (Canada),Virginia Beach
232986561,2011/1/1 23:35,CJ2K e???,,in an octopus's garden
1077452881,2013/1/10 19:16,Drama Queen,,
451153412,2011/12/31 3:19,Pablo Escobare??3???a??e???,,doublechin twin
2887780496,2014/11/2 20:17,A,,
54941588,2009/7/8 16:14,Marie,Eastern Time (US & Canada),Dancin' In the Dark a???
21373510,2009/2/20 4:25,JamesParkerSheffield,Central Time (US & Canada),"Georgia, USA"
502136234,2012/2/24 21:04,Kech Biko,Eastern Time (US & Canada),
3183978839,2015/4/19 17:57,david stewart,,"Georgia, USA"
178413830,2010/8/14 18:06,julie//7 days,Brussels,any is my home
351866252,2011/8/9 20:52,Amy Jacob,Atlantic Time (Canada),NYC
1684091124,2013/8/19 20:29,dachampster,Eastern Time (US & Canada),"Philadelphia, PA"
905752488,2012/10/26 10:57,Bryce Ridge,,Toronto
2213206042,2013/12/8 2:39,e??1,Eastern Time (US & Canada),"Atlanta, GA"
291179016,2011/5/1 15:48,Lisa Romanow,Central Time (US & Canada),Portage la Prairie
67655212,2009/8/21 16:53,julian,Central Time (US & Canada),Louisiana
544378056,2012/4/3 14:01,Jennifer Shutt,Eastern Time (US & Canada),"Washington, D.C."
235592730,2011/1/8 16:02,That Bossy Bitcha???,Central Time (US & Canada),"Washington, DC"
2166782815,2013/10/31 15:12,Latest News KE!,Pacific Time (US & Canada),"Nairobi, Kenya"
635543703,2012/7/14 15:40,Sean Snow,London,"Elgin, Scotland"
1646973566,2013/8/5 5:25,--,Central Time (US & Canada),
125291791,2010/3/22 10:07,Shailesh,New Delhi,
541819795,2012/3/31 17:13,JoeVan,London,
288089353,2011/4/26 6:52,Aniket ROY,New Delhi,"Gauripur, India"
54454977,2009/7/7 4:54,Bronwen Everill,London,
1659207414,2013/8/10 4:14,Pretty Flacko,,
217129529,2010/11/18 17:25,Marie Hurt,,New Orleans 
185160900,2010/8/31 11:06,????CORPORATE_THUG_614????,Eastern Time (US & Canada),a???????6a???1a???4a???????a???
1695365778,2013/8/24 3:09,Phil D,,
496532762,2012/2/19 2:10,Justin,,
325487054,2011/6/28 11:24,Cosmetics & Beauty,Eastern Time (US & Canada),"Washington, D.C."
167146669,2010/7/15 21:40,Arief Rahman,Jakarta,"Bandung, Indonesia"
14953705,2008/5/30 11:15,e???Kim e???,Eastern Time (US & Canada),"cross the river, in Jersey "
975137407,2012/11/28 1:38,live4laj,Eastern Time (US & Canada),"Philadelphia, PA"
86905335,2009/11/2 9:08,?????????????@?o????????????????????????,Tokyo,??-??2?????
29758774,2009/4/8 16:48,Noreen Craytone???,Eastern Time (US & Canada),NYC
442412133,2011/12/21 3:05,Ottoe???,Mountain Time (US & Canada),"Greenville, SC"
468927282,2012/1/20 2:00,Gage Gaiss,Eastern Time (US & Canada),"Dearborn, MI"
373881484,2011/9/15 10:16,Kirsty Craig,London,Chester - North West UK
861634266,2012/10/4 16:11,Thomas Kirkpatrick,,
257463064,2011/2/25 13:38,Gustavo Protomastro,,Argentina
2384365752,2014/3/12 0:06,RILEY  MANGOLDe???e???,Atlantic Time (Canada),america 
376539066,2011/9/20 2:08,Eric Friedlander,Central Time (US & Canada),UMASS AMHERST class of 2019
1266558812,2013/3/14 8:39,Robert,,
19898168,2009/2/2 8:21,CNBC International,International Date Line West,London & Singapore studios
60139874,2009/7/25 20:18,Ciara,London,London
4737671375,2016/1/7 20:13,Deccan Abroad,Pacific Time (US & Canada),"Atlanta, GA"
537502258,2012/3/26 19:45,Di  e???e???e???e????e???,,"Boston,MA,USA"
2883811221,2014/11/19 9:47,News Global,,
26410217,2009/3/25 2:50,Shirien,Central Time (US & Canada),"Washington, DC"
14187282,2008/3/20 21:19,miguel cortez,Central Time (US & Canada),chicago
2740494473,2014/8/12 3:51,6'5&Gifted_D1bound,,Larry A Scottwood H.O.T. Birds
466090255,2012/1/17 1:54,The Last Great Stand,Eastern Time (US & Canada),"Florida, USA"
2465147731,2014/4/26 21:29,Btysheen,,
77884666,2009/9/28 1:10,Fernando Garcia,Central Time (US & Canada),"Tyler, TX"
764347014,2012/8/17 20:00,(M)ad at Video Games,Atlantic Time (Canada),"New Jersey, USA"
2768526058,2014/9/13 2:37,wench,,
325515431,2011/6/28 12:35,EIN Organic Food,Eastern Time (US & Canada),"Washington, D.C."
76317003,2009/9/22 12:14,Ren??ea??????,Amsterdam,"Maastricht, the Netherlands"
22831680,2009/3/4 20:49,Jan Kremer,Athens,Nijmegen
379743187,2011/9/25 13:51,Evy,Indiana (East),Ben Davis
3270357493,2015/7/6 19:51,Daniel Boulud,,My phone number 619 586 9170
2236461049,2013/12/8 19:03,a?????,Pacific Time (US & Canada),
4838006744,2016/1/31 3:35,?????????????????? ??????????????? ????1???????????³π????????????? ??????????,,????2??????????????? ?????????? thinking ???????????????
609289420,2012/6/15 17:31,SPHansenGames,Central Time (US & Canada),"Dallas, Texas"
2884076543,2014/11/19 14:22,Madysen Cline,,
2994740297,2015/1/23 20:23,Ashley Price,Eastern Time (US & Canada),
28270381,2009/4/2 3:17,Plez,Eastern Time (US & Canada),"Metro Atlanta, Georgia, USA"
350481756,2011/8/7 21:07,maiya murielle,Eastern Time (US & Canada),"BX by way of LI, NY"
179234939,2010/8/16 21:01,$idditye???,Alaska,BLACKLIVESMATTER
270081975,2011/3/21 23:41,Sandrikaa???,,Windsor NC 
2790645595,2014/9/4 21:00,Bara???n,Eastern Time (US & Canada),Directly behind you
258677084,2011/2/28 6:48,Kanak News,New Delhi,Bhubaneswar
462014511,2012/1/12 13:22,AJAY KUMAR SIROHI,New Delhi,DELHI
243087946,2011/1/26 8:06,Todd Coello,,"Burlington, WI"
2999538873,2015/1/26 12:47,ANONINTEL,Belgrade,At War Against Terror
2898240882,2014/11/13 9:16,The Daily Global,,
1385860148,2013/4/28 1:38,MinimalSleep,,New York 
125527796,2010/3/23 2:40,Mark Sz,Eastern Time (US & Canada),Fuckyeahville
3061311382,2015/2/25 7:41,X Soviet,Dublin,
169294939,2010/7/22 0:43,Jayne Paramor,London,"Sydney, Australia (Yay!)"
50416461,2009/6/24 20:00,Distorted News,Quito,Over there
295517563,2011/5/9 5:35,Dr. Vinayak Dubey,Pacific Time (US & Canada),"Ahmedabad n Kutch , "
17943068,2008/12/7 16:30,Thomas Bayes,Eastern Time (US & Canada),"Palo Alto, CA"
253697272,2011/2/17 19:48,K in VA,,
14385676,2008/4/14 14:32,Brownfield Ag News,Central Time (US & Canada),USA
14337370,2008/4/8 23:56,Zoe Leoudaki,Eastern Time (US & Canada),"Washington, DC, USA"
3361582323,2015/7/6 1:28,g!,,
2434218473,2014/3/24 21:49,Maura,Eastern Time (US & Canada),hansols
2328070701,2014/2/6 12:59,m??gen a??,Atlantic Time (Canada),
2745795916,2014/8/17 22:07,Dr. of Doomonomics,,
4189301235,2015/11/14 21:56,Royalty e???,,3???a???1???a???7???a???
462557935,2012/1/13 2:40,Tayaa?????,Central Time (US & Canada),Varsity Cheer 
119390437,2010/3/3 14:08,Zenith Technologies,Pacific Time (US & Canada),"Cork, Ireland"
333341480,2011/7/11 11:36,Rhonda Miller,,
266974551,2011/3/16 3:42,Phyllis Tocci Leman,,New York (for now)
911565654,2012/10/29 2:25,Nick Watson,,Mississauga
2776880875,2014/8/28 17:28,Sundeep.V.PauL,,{DOOARS & NORTH EAST} [INDIA]
95455834,2009/12/8 16:50,parthasarathi,Asia/Calcutta,chennai
865498897,2012/10/7 0:02,Evan,,
43567150,2009/5/30 18:12,Majd Misleh,Pacific Time (US & Canada),
253274392,2011/2/16 22:31,Josh Williams,Casablanca,"Pittsburgh, PA"
116435994,2010/2/22 12:50,Rishi Puri,New Delhi,Gurgaon
2960487155,2015/1/4 16:53,D???D??????D? D?D??Do??D?D?D?D2,,admin @ frnkieropoland
3950704217,2015/10/13 23:24,"Caroline Rovello, JD",Pacific Time (US & Canada),"Wash,DC and NYC "
997054556,2012/12/8 12:17,Tim,Amsterdam,The Netherlands
2186300442,2013/11/10 12:42,Crave for News,New Caledonia,
316866178,2011/6/14 2:37,e???e???Tammy e???e???,,
3652780456,2015/9/14 12:00,Rojava news network,,Streamtime.org
1611858558,2013/7/22 3:01,SmithMediaStrategies,Eastern Time (US & Canada),"Holbrook, New York"
2414194321,2014/3/27 12:55,Cathy Rosa-Baker,,
237036802,2011/1/11 23:03,Michael C,Mountain Time (US & Canada),"Edmonton, AB"
77497869,2009/9/26 15:21,Tristan Fitzpatrick,Quito,Ontario Canada
1401473137,2013/5/4 5:22,Pheeling Philly,,Philadelphia.USA
45291791,2009/6/7 5:38,I am Babubhai,New Delhi,Ahmedabad 9427608632
3374965995,2015/7/14 2:05,e???,, Chicago
29908890,2009/4/9 3:25,Czar Pharaoh Khan,America/New_York,Universe E
462155581,2012/1/12 16:43,David Palmer,Eastern Time (US & Canada), 631/203
3245690171,2015/5/11 1:30,Justin,,"Jefferson, OH"
2595867852,2014/6/30 6:06,Biofuels Conference,Pacific Time (US & Canada),"Sao Paulo, Brazil"
493718448,2012/2/16 3:27,Idrissa,Pacific Time (US & Canada),
21497752,2009/2/21 16:43,Luimbe,Eastern Time (US & Canada),"Philadelphia, PA"
4021714812,2015/10/26 6:58,zquad,Pacific Time (US & Canada),"Cape Cod, MA"
3368337075,2015/7/9 23:26,Gordon Emslie,Pacific Time (US & Canada),"New Jersey, USA"
50426762,2009/6/24 20:33,emily,Quito,19/indiana
870845882,2012/10/10 0:39,Durbin,,
3181733683,2015/5/1 12:28,Dan Cieslak,,
4197822682,2015/11/16 0:02,BigTwina??e???e???,Pacific Time (US & Canada),
71733707,2009/9/5 5:14,"Open Mind, Report e???",Pacific Time (US & Canada),
100502180,2009/12/30 13:52,Agnello dodti,Mumbai,
25011826,2009/3/18 2:35,problematic bae,Eastern Time (US & Canada),Bharlotte
900776792,2012/10/23 23:21,Iniesta Fiesta,,"Marietta, GA"
83776043,2009/10/20 5:30,"Shani, B.",Eastern Time (US & Canada),MIA x BX
3808484781,2015/9/28 23:14,Dustin Ewing,,
2695996287,2014/7/10 19:34,dave coleman,,"Indianapolis, IN"
3401332193,2015/8/3 14:11,Young Metro PCS,,Courtesan
2665084264,2014/7/2 19:55,Lilo ??,Eastern Time (US & Canada),"New Jersey, USA"
21941372,2009/2/26 0:02,Linda Drezdzon,Central Time (US & Canada),
1559637876,2013/7/1 4:50,Alexa Merrick,Eastern Time (US & Canada),"Waterford, MI"
2423981280,2014/4/2 15:34,Sc : tcvrtera??????,,Sliding W/ T3 
1112764278,2013/1/22 22:16,milah,Eastern Time (US & Canada),va
3070276899,2015/3/4 17:13,CiCi a??,Pacific Time (US & Canada),SoMD 
498176456,2012/2/20 19:30,akande akin sanyaolu,,Ibadan
17290190,2008/11/10 17:05,rdftaxpro,Eastern Time (US & Canada),Northeast Pennsylvania
366176410,2011/9/1 18:15,Wanza,Nairobi,Nairobi
1965877572,2013/10/17 2:22,Em,,somewhere napping 
865590014,2012/10/7 1:39,peter brown,,
328261338,2011/7/3 1:43,emma misses sab,Central Time (US & Canada),''emma is awesome.''
66573,2006/12/14 10:40,Tom,Brussels,"Broechem, BE a????? Cupertino, CA"
2442887570,2014/4/14 0:23,mist(ina)offeleese???,Pacific Time (US & Canada),connor|stagedoot|SF-DC
181429614,2010/8/22 4:58,rebecca,Eastern Time (US & Canada),the mitten
254189449,2011/2/18 20:00,Poohzuda?!_Baby!,Central Time (US & Canada),"Houston,Tx"
4818189221,2016/1/16 14:34,nadia,Pacific Time (US & Canada),
483892071,2012/2/5 14:13,a??ZUBY??,Ljubljana,Somewhere in Africa
1120530068,2013/1/25 23:48,drlortab,,
961388708,2012/11/20 23:14,Glendy???|,,"Miami, FL a??"
3306435572,2015/8/5 0:01,Becky Irwin,,"Texas, USA"
3073726025,2015/3/5 23:37,Brisko,,
379400282,2011/9/24 22:10,Jamaela e???a??,Quito,
185899839,2010/9/2 2:48,Joe Adel,Eastern Time (US & Canada),Jonesville Fl
21759163,2009/2/24 14:45,Brian Knudtson,Central Time (US & Canada),"Blair, NE, USA"
2985792543,2015/1/19 14:11,GreatNitee e???,,All About Da $$$ 
559994542,2012/4/22 2:00,Albuquerque view,Beijing,
2328507080,2014/2/5 9:34,#HighSidityyy,,
805241216,2012/9/5 19:36,sandy,Atlantic Time (Canada),USA
554474111,2012/4/15 16:43,Philadelphia,Beijing,
2243838633,2013/12/25 21:30,viewstitch,,
27624889,2009/3/30 12:12,Robin Harrison,Amsterdam,Bristol
100003814,2009/12/28 17:37,???????????????????? ????????????????????????? ???????????????????1,,"Oslo, Norway"
380409212,2011/9/26 16:09,"Chad, MD",Eastern Time (US & Canada),"Ohio, USA"
1314051696,2013/3/29 14:48,First Class Space,Pacific Time (US & Canada),"Fort Lauderdale,  FL"
2157947870,2013/10/27 2:53,Neel,,"Gurgaon, India"
130375986,2010/4/7 3:31,Babalawo Dobolade,Central Time (US & Canada),"Chicago,IL"
14325500,2008/4/7 18:26,Jim Clark,Central Time (US & Canada),"Dallas, TX and thereabouts"
714527227,2012/7/24 16:10,e???,Pacific Time (US & Canada),demonville.
4291349773,2015/11/19 15:45,Update Odisha,Kolkata,
1651826678,2013/8/7 2:34,Bryson Morgan,,
294925462,2011/5/8 1:43,elyse,Eastern Time (US & Canada),in the TARDIS
3010594606,2015/2/1 17:35,#StillWithHer,,protecting lewis
2342837810,2014/2/14 1:32,Bitgenomic,,
533767259,2012/3/23 2:18,Brian DogLover Young,,
2525583960,2014/5/26 18:27,Rohane????Sood,,My homea?o???
2919068299,2014/12/4 23:13,O'Gorman,,
1590069896,2013/7/13 3:41,_Zaya???a?????,Eastern Time (US & Canada),
117594050,2010/2/26 1:06,Tweet Doggy,Pacific Time (US & Canada),West Coast
237113949,2011/1/12 3:17,S.e??1,Eastern Time (US & Canada),living.
2863305083,2014/11/5 21:40,Ethan,,"Bristol, CT"
2752312821,2014/8/27 7:07,Will,,
4706038334,2016/1/4 0:09,Ba??kan,Pacific Time (US & Canada),United States
22730293,2009/3/4 3:59,Ryan McCann,Eastern Time (US & Canada),"Washington, DC"
3411503980,2015/8/9 23:44,a??e???,,D[M]V
1361617716,2013/4/18 11:05,e???e???,, 
3112591889,2015/3/25 2:28,JFM3,,The Kitchen
325041388,2011/6/27 16:57,Dec?-nquet??,Central Time (US & Canada),
2314547048,2014/1/28 0:15,Divine Feminine a???,Eastern Time (US & Canada),Spending all my $ on my baby
1631169672,2013/7/29 20:32,Claire,Pacific Time (US & Canada),anywhere but here
42448512,2009/5/25 17:39,John R. Sechrist II,Eastern Time (US & Canada),"Charlotte, North Carolina"
90772035,2009/11/18 1:38,Samantha Stone e???,Central Time (US & Canada),
22529655,2009/3/2 20:39,Lion Heart,Eastern Time (US & Canada),"Brooklyn, NY"
42949495,2009/5/27 19:10,Marley,Eastern Time (US & Canada),PG shawty 
589097875,2012/5/24 12:49,JWT South Asia,New Delhi,India
194594472,2010/9/24 14:35,50 Cent,Eastern Time (US & Canada),feel good inc.
906688382,2012/10/26 20:04,Razi,London,London
238588891,2011/1/15 14:46,Daye????,Central Time (US & Canada),Where You Wanna Be 
383032690,2011/10/1 4:20,Emma Dickerhoff,Central Time (US & Canada),
170755697,2010/7/25 17:41,Nitish Jha,Hawaii,Hong Kong
3076014264,2015/3/13 5:24,Laurence Lewis,Pacific Time (US & Canada),
622267173,2012/6/29 19:50,Cannabis News,Atlantic Time (Canada),
257792871,2011/2/26 5:04,donald moyer.,Central Time (US & Canada),New York
2206839304,2013/12/4 3:25,Jess,Atlantic Time (Canada),